,date,holidayjp,holiday
0,2019-01-01,元日,New Year's Day
1,2019-01-14,成人の日,Coming of Age Day
2,2019-02-11,建国記念の日,Foundation Day
3,2019-04-29,昭和の日,Shōwa Day
4,2019-05-03,憲法記念日,Constitution Memorial Day
5,2019-05-04,みどりの日,Greenery Day
6,2019-05-06,こどもの日,Children's Day
7,2019-07-15,海の日,Marine Day
8,2019-08-12,山の日,Mountain Day
9,2019-09-16,(敬老の日,Respect for the Aged Day
10,2019-10-14,体育の日,Health and Sports Day
11,2019-11-04,文化の日,Culture Day
12,2019-11-23,勤労感謝の日,Labour Thanksgiving Day
13,2019-12-23,天皇誕生日,The Emperor's Birthday
